presentation,total_students,vulnerability_weighted_level,min_cohort_omega,mean_cohort_omega,J_vs_2013B,rank
2013B,2031,7.106050190131735,1.6094379124341003,1.7005986908310775,0.0,3
2013J,2435,7.106050190131735,1.6094379124341003,1.7005986908310775,0.0,3
2014B,1790,7.142514501490526,1.6094379124341003,1.7005986908310775,0.0364643113587908,2
2014J,2348,7.772525332398796,1.3862943611198906,1.8636799873410004,0.6664751422670614,1
